<?xml version="1.0" encoding="UTF-8" ?>
<!DOCTYPE mapper
  PUBLIC "-//mybatis.org//DTD Mapper 3.0//EN"
  "http://mybatis.org/dtd/mybatis-3-mapper.dtd">

<mapper namespace="com.boot.DAO.PostDAO">

  <!-- resultMap 정의: snake_case → camelCase -->
  <resultMap id="postResultMap" type="com.boot.DTO.PostDTO">
    <id property="id" column="id"/>
    <result property="content" column="content"/>
    <result property="imageUrl" column="image_url"/>
    <result property="userNickname" column="user_nickname"/>
    <result property="createdAt" column="created_at"/>
  </resultMap>

  <!-- 게시글 목록 조회 -->
  <select id="list" resultMap="postResultMap">
    SELECT id, content, image_url, user_nickname, created_at
    FROM post
    ORDER BY created_at DESC
  </select>

  <!-- 게시글 상세 조회 -->
  <select id="contentView" parameterType="map" resultMap="postResultMap">
    SELECT id, content, image_url, user_nickname, created_at
    FROM post
    WHERE id = #{id}
  </select>

  <!-- 게시글 작성 -->
  <insert id="write" parameterType="map">
    INSERT INTO post (content, image_url, user_nickname)
    VALUES (#{content}, #{image_url}, #{user_nickname})
  </insert>

  <!-- 게시글 수정 -->
  <update id="modify" parameterType="map">
    UPDATE post
    SET content = #{content}, image_url = #{image_url}, user_nickname = #{user_nickname}
    WHERE id = #{id}
  </update>

  <!-- 게시글 삭제 -->
  <delete id="delete" parameterType="map">
    DELETE FROM post WHERE id = #{id}
  </delete>

</mapper>
