<?xml version="1.0" encoding="UTF-8" ?>
<!DOCTYPE mapper
  PUBLIC "-//mybatis.org//DTD Mapper 3.0//EN"
  "http://mybatis.org/dtd/mybatis-3-mapper.dtd">

<mapper namespace="com.boot.DAO.LikeDAO">

  <!-- 좋아요 추가 (중복시 무시) -->
  <insert id="addLike" parameterType="map">
    INSERT IGNORE INTO post_like (post_id, user_nickname)
    VALUES (#{postId}, #{userNickname})
  </insert>

  <!-- 좋아요 취소 -->
  <delete id="removeLike" parameterType="map">
    DELETE FROM post_like
    WHERE post_id = #{postId} AND user_nickname = #{userNickname}
  </delete>

<!-- resultMap에 likeCount 매핑 추가 -->
<resultMap id="PostResultMap" type="com.boot.DTO.PostDTO">
    <id property="id" column="id"/>
    <result property="content" column="content"/>
    <result property="imageUrl" column="image_url"/>
    <result property="userNickname" column="user_nickname"/>
    <result property="createdAt" column="created_at"/>
    <result property="exitedAt" column="exited_at"/>
    <result property="likeCount" column="like_count"/>
</resultMap>

<!-- 게시글 목록 조회: like_count를 post_like에서 집계 -->
<select id="list" resultMap="PostResultMap">
    SELECT 
        p.*, 
        (SELECT COUNT(*) FROM post_like pl WHERE pl.post_id = p.id) AS like_count
    FROM post p
    ORDER BY p.created_at DESC
</select>

<!-- 게시글 상세 조회도 동일하게 -->
<select id="contentView" parameterType="map" resultMap="PostResultMap">
    SELECT 
        p.*, 
        (SELECT COUNT(*) FROM post_like pl WHERE pl.post_id = p.id) AS like_count
    FROM post p
    WHERE p.id = #{id}
</select>

<select id="isLiked" parameterType="map" resultType="int">
  SELECT COUNT(*) FROM post_like
  WHERE post_id = #{postId} AND user_nickname = #{userNickname}
</select>
<select id="countLikes" parameterType="int" resultType="int">
    SELECT COUNT(*) FROM post_like WHERE post_id = #{postId}
</select>

<select id="getLikeUsers" parameterType="int" resultType="string">
    SELECT user_nickname FROM post_like WHERE post_id = #{postId}
</select>

</mapper>