<?xml version="1.0" encoding="UTF-8" ?>
<!DOCTYPE mapper
  PUBLIC "-//mybatis.org//DTD Mapper 3.0//EN"
  "http://mybatis.org/dtd/mybatis-3-mapper.dtd">

<mapper namespace="com.boot.DAO.PostDAO">

  <!-- resultMap에 MBTI 필드들 추가 -->
  <resultMap id="PostResultMap" type="com.boot.DTO.PostDTO">
    <id property="id" column="id"/>
    <result property="content" column="content"/>
    <result property="imageUrl" column="image_url"/>
    <result property="userNickname" column="user_nickname"/>
    <result property="createdAt" column="created_at"/>
    <result property="exitedAt" column="exited_at"/>
    <result property="likeCount" column="like_count"/>
    <result property="category" column="category"/>
    <result property="mE" column="m_e"/>
    <result property="mS" column="m_s"/>
    <result property="mT" column="m_t"/>
    <result property="mJ" column="m_j"/>
  </resultMap>

  <!-- SELECT 쿼리에 MBTI 필드들 추가 -->
  <select id="list" resultMap="PostResultMap">
    SELECT id, content, image_url, user_nickname, created_at, exited_at, like_count,
           category, m_e, m_s, m_t, m_j
    FROM post
    ORDER BY created_at DESC
  </select>

  <!-- INSERT 쿼리에 MBTI 필드들 추가 -->
  <insert id="write" parameterType="map">
    INSERT INTO post (content, image_url, user_nickname, like_count, category, m_e, m_s, m_t, m_j, exited_at)
    VALUES (#{content}, #{image_url}, #{user_nickname}, 0, #{category}, #{m_e}, #{m_s}, #{m_t}, #{m_j}, DATE_ADD(NOW(), INTERVAL 1 MINUTE))
  </insert>

  <!-- SELECT 쿼리에 MBTI 필드들 추가 -->
  <select id="contentView" parameterType="map" resultMap="PostResultMap">
    SELECT id, content, image_url, user_nickname, created_at, exited_at, like_count,
           category, m_e, m_s, m_t, m_j
    FROM post
    WHERE id = #{id}
  </select>

  <update id="modify" parameterType="map">
    UPDATE post
    SET content = #{content}, image_url = #{image_url}, user_nickname = #{user_nickname},
        category = #{category}, m_e = #{m_e}, m_s = #{m_s}, m_t = #{m_t}, m_j = #{m_j}
    WHERE id = #{id}
  </update>

  <delete id="delete" parameterType="map">
    DELETE FROM post WHERE id = #{id}
  </delete>

  <!-- MBTI 통계 조회 -->
  <select id="getMbtiStats" resultType="map">
    SELECT 
        'E vs I' as mbti_element,
        m_e as value,
        COUNT(*) as post_count,
        AVG(like_count) as avg_likes
    FROM post 
    WHERE m_e IS NOT NULL
    GROUP BY m_e

    UNION ALL

    SELECT 
        'S vs N' as mbti_element,
        m_s as value,
        COUNT(*) as post_count,
        AVG(like_count) as avg_likes
    FROM post 
    WHERE m_s IS NOT NULL
    GROUP BY m_s

    UNION ALL

    SELECT 
        'T vs F' as mbti_element,
        m_t as value,
        COUNT(*) as post_count,
        AVG(like_count) as avg_likes
    FROM post 
    WHERE m_t IS NOT NULL
    GROUP BY m_t

    UNION ALL

    SELECT 
        'J vs P' as mbti_element,
        m_j as value,
        COUNT(*) as post_count,
        AVG(like_count) as avg_likes
    FROM post 
    WHERE m_j IS NOT NULL
    GROUP BY m_j
  </select>

  <!-- 카테고리별 게시글 조회 -->
  <select id="getPostsByCategory" parameterType="string" resultMap="PostResultMap">
    SELECT id, content, image_url, user_nickname, created_at, exited_at, like_count,
           category, m_e, m_s, m_t, m_j
    FROM post
    WHERE category = #{category}
    ORDER BY created_at DESC
  </select>

</mapper>