<?xml version="1.0" encoding="UTF-8" ?>
<!DOCTYPE mapper
  PUBLIC "-//mybatis.org//DTD Mapper 3.0//EN"
  "http://mybatis.org/dtd/mybatis-3-mapper.dtd">

<mapper namespace="com.boot.DAO.UserDAO">

    <!-- 회원가입 -->
    <insert id="insertUser">
        INSERT INTO user (userid, user_nickname, password, role)
        VALUES (#{username}, #{nickname}, #{password}, #{role})
    </insert>

    <!-- 아이디 중복 체크 -->
    <select id="checkUsername" resultType="int">
        SELECT COUNT(*) FROM user WHERE userid = #{username}
    </select>

    <!-- 닉네임 중복 체크 -->
    <select id="checkNickname" resultType="int">
        SELECT COUNT(*) FROM user WHERE user_nickname = #{nickname}
    </select>

    <!-- 사용자 로그인 (아이디/비밀번호로 사용자 조회) -->
    <select id="findByUsernameAndPassword" resultType="com.boot.DTO.UserDTO">
        SELECT id, userid as username, user_nickname as nickname, password, role, created_at as createdAt
        FROM user 
        WHERE userid = #{username} AND password = #{password}
    </select>

    <!-- 모든 사용자 조회 (관리자용) -->
    <select id="getAllUsers" resultType="com.boot.DTO.UserDTO">
        SELECT id, userid as username, user_nickname as nickname, role, created_at as createdAt
        FROM user 
        ORDER BY created_at DESC
    </select>

    <!-- 사용자 역할 업데이트 (관리자용) -->
    <update id="updateUserRole">
        UPDATE user SET role = #{role} WHERE id = #{id}
    </update>

    <!-- 사용자 삭제 (관리자용) -->
    <delete id="deleteUser">
        DELETE FROM user WHERE id = #{id}
    </delete>

</mapper>
