<?xml version="1.0" encoding="UTF-8" ?>
<!DOCTYPE mapper
  PUBLIC "-//mybatis.org//DTD Mapper 3.0//EN"
  "http://mybatis.org/dtd/mybatis-3-mapper.dtd">

<mapper namespace="com.boot.DAO.PostDAO">

  <!-- resultMap에 exitedAt, likeCount 추가 -->
  <resultMap id="PostResultMap" type="com.boot.DTO.PostDTO">
    <id property="id" column="id"/>
    <result property="content" column="content"/>
    <result property="imageUrl" column="image_url"/>
    <result property="userNickname" column="user_nickname"/>
    <result property="createdAt" column="created_at"/>
    <result property="exitedAt" column="exited_at"/>
    <result property="likeCount" column="like_count"/>
  </resultMap>

  <!-- SELECT 쿼리에 exited_at, like_count 추가 -->
  <select id="list" resultMap="PostResultMap">
    SELECT id, content, image_url, user_nickname, created_at, exited_at, like_count
    FROM post
    ORDER BY created_at DESC
  </select>

  <!-- INSERT 쿼리에 like_count 초기화(0) 추가 -->
  <insert id="write" parameterType="map">
    INSERT INTO post (content, image_url, user_nickname, like_count)
    VALUES (#{content}, #{image_url}, #{user_nickname}, 0)
  </insert>

  <!-- SELECT 쿼리에 exited_at, like_count 추가 -->
  <select id="contentView" parameterType="map" resultMap="PostResultMap">
    SELECT id, content, image_url, user_nickname, created_at, exited_at, like_count
    FROM post
    WHERE id = #{id}
  </select>

  <update id="modify" parameterType="map">
    UPDATE post
    SET content = #{content}, image_url = #{image_url}, user_nickname = #{user_nickname}
    WHERE id = #{id}
  </update>

  <delete id="delete" parameterType="map">
    DELETE FROM post WHERE id = #{id}
  </delete>

</mapper>